prompt,model,temperature,message,prompt_tokens,completion_tokens,total_tokens,error
What is 15 + 27?,compound-beta-mini,0,42.,527,58,585,
What is 15 + 27?,compound-beta-mini,0.7,15 + 27 = 42.,527,63,590,
What is 15 + 27?,compound-beta-mini,1,42.,527,63,590,
What is the capital of France?,compound-beta-mini,0,Paris.,488,44,532,
What is the capital of France?,compound-beta-mini,0.7,Paris is the capital of France.,488,50,538,
What is the capital of France?,compound-beta-mini,1,Paris.,488,44,532,
How many days are in a week?,compound-beta-mini,0,A week has **7 days**.,490,52,542,
How many days are in a week?,compound-beta-mini,0.7,A week has seven days.,490,53,543,
How many days are in a week?,compound-beta-mini,1,A week has **seven days**.,490,53,543,
What color is the sky on a clear day?,compound-beta-mini,0,The sky appears blue on a clear day.,494,55,549,
What color is the sky on a clear day?,compound-beta-mini,0.7,The sky appears blue on a clear day.,494,55,549,
What color is the sky on a clear day?,compound-beta-mini,1,The sky appears blue on a clear day.,494,54,548,
What is the chemical symbol for water?,compound-beta-mini,0,The chemical formula (symbol) for water is **H₂O**.,490,59,549,
What is the chemical symbol for water?,compound-beta-mini,0.7,The chemical formula (symbol) for water is **H₂O**.,490,59,549,
What is the chemical symbol for water?,compound-beta-mini,1,The chemical symbol for water is **H₂O**.,490,57,547,
Who wrote Romeo and Juliet?,compound-beta-mini,0,William Shakespeare wrote *Romeo and Juliet*.,4385,80,4465,
Who wrote Romeo and Juliet?,compound-beta-mini,0.7,William Shakespeare wrote *Romeo and Juliet*.,486,36,522,
Who wrote Romeo and Juliet?,compound-beta-mini,1,William Shakespeare wrote *Romeo and Juliet*.,486,41,527,
What planet is closest to the Sun?,compound-beta-mini,0,Mercury is the planet closest to the Sun.,490,54,544,
What planet is closest to the Sun?,compound-beta-mini,0.7,Mercury is the planet closest to the Sun.,490,54,544,
What planet is closest to the Sun?,compound-beta-mini,1,Mercury is the planet closest to the Sun.,5230,46,5276,
How many legs does a spider have?,compound-beta-mini,0,A spider has eight legs.,490,56,546,
How many legs does a spider have?,compound-beta-mini,0.7,A spider has eight legs.,490,56,546,
How many legs does a spider have?,compound-beta-mini,1,A spider has eight legs.,490,57,547,
What is the opposite of hot?,compound-beta-mini,0,The opposite of “hot” is “cold.”,488,53,541,
What is the opposite of hot?,compound-beta-mini,0.7,Cold.,488,45,533,
What is the opposite of hot?,compound-beta-mini,1,The opposite of “hot” is **cold**.,488,54,542,
What language is spoken in Brazil?,compound-beta-mini,0,Portuguese is the official and most widely spoken language in Brazil.,488,37,525,
What language is spoken in Brazil?,compound-beta-mini,0.7,Portuguese is the official and most widely spoken language in Brazil.,488,59,547,
What language is spoken in Brazil?,compound-beta-mini,1,Portuguese is the official and most widely spoken language in Brazil.,488,58,546,
What is 15 + 27?,llama-3.3-70b-versatile,0,42,59,2,61,
What is 15 + 27?,llama-3.3-70b-versatile,0.7,42,59,2,61,
What is 15 + 27?,llama-3.3-70b-versatile,1,42,59,2,61,
What is the capital of France?,llama-3.3-70b-versatile,0,Paris.,58,3,61,
What is the capital of France?,llama-3.3-70b-versatile,0.7,Paris.,58,3,61,
What is the capital of France?,llama-3.3-70b-versatile,1,Paris.,58,3,61,
How many days are in a week?,llama-3.3-70b-versatile,0,7 days.,59,4,63,
How many days are in a week?,llama-3.3-70b-versatile,0.7,7 days.,59,4,63,
How many days are in a week?,llama-3.3-70b-versatile,1,There are 7 days in a week.,59,10,69,
What color is the sky on a clear day?,llama-3.3-70b-versatile,0,Blue.,61,3,64,
What color is the sky on a clear day?,llama-3.3-70b-versatile,0.7,Blue.,61,3,64,
What color is the sky on a clear day?,llama-3.3-70b-versatile,1,Blue.,61,3,64,
What is the chemical symbol for water?,llama-3.3-70b-versatile,0,H2O,59,4,63,
What is the chemical symbol for water?,llama-3.3-70b-versatile,0.7,H2O,59,4,63,
What is the chemical symbol for water?,llama-3.3-70b-versatile,1,H2O,59,4,63,
Who wrote Romeo and Juliet?,llama-3.3-70b-versatile,0,William Shakespeare.,57,4,61,
Who wrote Romeo and Juliet?,llama-3.3-70b-versatile,0.7,William Shakespeare.,57,4,61,
Who wrote Romeo and Juliet?,llama-3.3-70b-versatile,1,William Shakespeare.,57,4,61,
What planet is closest to the Sun?,llama-3.3-70b-versatile,0,Mercury.,59,4,63,
What planet is closest to the Sun?,llama-3.3-70b-versatile,0.7,Mercury.,59,4,63,
What planet is closest to the Sun?,llama-3.3-70b-versatile,1,Mercury.,59,4,63,
How many legs does a spider have?,llama-3.3-70b-versatile,0,A spider has 8 legs.,59,8,67,
How many legs does a spider have?,llama-3.3-70b-versatile,0.7,A spider has 8 legs.,59,8,67,
How many legs does a spider have?,llama-3.3-70b-versatile,1,A spider has 8 legs.,59,8,67,
What is the opposite of hot?,llama-3.3-70b-versatile,0,Cold.,58,3,61,
What is the opposite of hot?,llama-3.3-70b-versatile,0.7,Cold.,58,3,61,
What is the opposite of hot?,llama-3.3-70b-versatile,1,Cold.,58,3,61,
What language is spoken in Brazil?,llama-3.3-70b-versatile,0,Portuguese.,58,5,63,
What language is spoken in Brazil?,llama-3.3-70b-versatile,0.7,Portuguese.,58,5,63,
What language is spoken in Brazil?,llama-3.3-70b-versatile,1,Portuguese.,58,5,63,